scenario,arch,i,ts,intensity,latency_ms,server_total_ms,preprocess_ms,core_ms,postprocess_ms,cold_start
cold_warm_probe,docker,0,1779182931.5928152,light,2.713,2.47,0.002,2.403,0.007,False
cold_warm_probe,docker,1,1779182932.5943086,light,3.241,2.901,0.005,2.829,0.009,False
cold_warm_probe,docker,2,1779182933.594131,light,2.643,2.288,0.004,2.21,0.011,False
cold_warm_probe,docker,3,1779182934.5934765,light,2.762,2.487,0.004,2.422,0.009,False
cold_warm_probe,docker,4,1779182935.5935133,light,2.785,2.481,0.003,2.423,0.011,False
cold_warm_probe,docker,5,1779182936.5942764,light,2.932,2.55,0.003,2.492,0.011,False
cold_warm_probe,docker,6,1779182937.5938363,light,2.741,2.375,0.003,2.321,0.01,False
cold_warm_probe,docker,7,1779182938.593626,light,2.696,2.39,0.003,2.334,0.011,False
cold_warm_probe,docker,8,1779182939.5935717,light,3.038,2.792,0.004,2.73,0.01,False
cold_warm_probe,docker,9,1779182940.5934825,light,2.93,2.645,0.004,2.582,0.01,False
cold_warm_probe,docker,10,1779182941.593664,light,2.901,2.582,0.003,2.526,0.011,False
cold_warm_probe,docker,11,1779182942.593763,light,2.838,2.585,0.004,2.518,0.012,False
cold_warm_probe,docker,12,1779182943.593819,light,2.864,2.56,0.003,2.498,0.016,False
cold_warm_probe,docker,13,1779182944.5931928,light,2.751,2.544,0.003,2.483,0.014,False
cold_warm_probe,docker,14,1779182945.5934436,light,2.77,2.527,0.003,2.472,0.012,False
light_load,docker,0,1779182946.2327964,light,2.796,2.547,0.005,2.502,0.007,False
light_load,docker,1,1779182946.2836618,light,2.678,2.381,0.003,2.298,0.015,False
light_load,docker,2,1779182946.3333085,light,2.686,2.39,0.002,2.335,0.01,False
light_load,docker,3,1779182946.3837066,light,2.863,2.561,0.003,2.505,0.01,False
light_load,docker,4,1779182946.4335816,light,2.865,2.559,0.003,2.504,0.01,False
light_load,docker,5,1779182946.4833164,light,2.845,2.579,0.003,2.529,0.007,False
light_load,docker,6,1779182946.5338244,light,2.848,2.541,0.003,2.484,0.011,False
light_load,docker,7,1779182946.5837958,light,2.946,2.578,0.003,2.522,0.012,False
light_load,docker,8,1779182946.6339633,light,2.933,2.633,0.003,2.574,0.011,False
light_load,docker,9,1779182946.6837878,light,3.585,3.308,0.003,3.246,0.013,False
light_load,docker,10,1779182946.7337892,light,2.668,2.391,0.003,2.326,0.009,False
light_load,docker,11,1779182946.7844546,light,3.365,3.02,0.004,2.949,0.014,False
light_load,docker,12,1779182946.834147,light,3.185,2.8,0.003,2.738,0.011,False
light_load,docker,13,1779182946.8844562,light,3.199,2.908,0.005,2.835,0.011,False
light_load,docker,14,1779182946.9329891,light,2.769,2.497,0.003,2.445,0.01,False
light_load,docker,15,1779182946.9828887,light,2.694,2.435,0.003,2.387,0.009,False
light_load,docker,16,1779182947.0332139,light,2.781,2.572,0.003,2.522,0.01,False
light_load,docker,17,1779182947.0836136,light,3.306,3.058,0.003,3.003,0.011,False
light_load,docker,18,1779182947.133588,light,3.37,3.124,0.004,3.065,0.009,False
light_load,docker,19,1779182947.183342,light,2.944,2.691,0.004,2.627,0.012,False
light_load,docker,20,1779182947.2333932,light,2.749,2.511,0.003,2.457,0.01,False
light_load,docker,21,1779182947.28391,light,2.933,2.623,0.003,2.563,0.013,False
light_load,docker,22,1779182947.3342083,light,3.247,2.923,0.004,2.85,0.016,False
light_load,docker,23,1779182947.3835459,light,2.83,2.533,0.003,2.474,0.01,False
light_load,docker,24,1779182947.433421,light,2.845,2.543,0.003,2.487,0.01,False
light_load,docker,25,1779182947.4837034,light,2.876,2.578,0.003,2.524,0.007,False
light_load,docker,26,1779182947.53393,light,2.992,2.631,0.003,2.569,0.012,False
light_load,docker,27,1779182947.5840435,light,2.99,2.694,0.003,2.637,0.014,False
light_load,docker,28,1779182947.6333077,light,2.873,2.593,0.003,2.532,0.012,False
light_load,docker,29,1779182947.6832232,light,2.711,2.412,0.004,2.347,0.013,False
light_load,docker,30,1779182947.7329519,light,2.602,2.373,0.003,2.324,0.01,False
light_load,docker,31,1779182947.7835362,light,2.833,2.536,0.003,2.472,0.014,False
light_load,docker,32,1779182947.8333642,light,2.826,2.543,0.003,2.487,0.01,False
light_load,docker,33,1779182947.8834097,light,2.693,2.401,0.003,2.343,0.014,False
light_load,docker,34,1779182947.934008,light,2.718,2.41,0.004,2.344,0.011,False
light_load,docker,35,1779182947.984128,light,3.017,2.657,0.003,2.593,0.007,False
light_load,docker,36,1779182948.034004,light,3.357,2.967,0.004,2.885,0.01,False
light_load,docker,37,1779182948.083777,light,3.213,2.912,0.004,2.836,0.011,False
light_load,docker,38,1779182948.1338067,light,3.063,2.755,0.003,2.702,0.011,False
light_load,docker,39,1779182948.1846242,light,3.716,3.434,0.003,3.368,0.016,False
light_load,docker,40,1779182948.2327979,light,2.61,2.342,0.003,2.292,0.01,False
light_load,docker,41,1779182948.2836072,light,3.438,3.231,0.003,3.175,0.011,False
light_load,docker,42,1779182948.3333395,light,2.933,2.606,0.003,2.552,0.011,False
light_load,docker,43,1779182948.384537,light,3.225,2.86,0.004,2.783,0.014,False
light_load,docker,44,1779182948.4336755,light,2.87,2.578,0.003,2.526,0.01,False
light_load,docker,45,1779182948.4839158,light,3.278,2.954,0.004,2.887,0.01,False
light_load,docker,46,1779182948.533383,light,2.694,2.407,0.003,2.349,0.01,False
light_load,docker,47,1779182948.5837004,light,2.672,2.385,0.003,2.332,0.01,False
light_load,docker,48,1779182948.633875,light,2.883,2.58,0.003,2.525,0.01,False
light_load,docker,49,1779182948.683777,light,2.84,2.541,0.003,2.485,0.01,False
light_load,docker,50,1779182948.7339587,light,2.86,2.563,0.003,2.506,0.01,False
light_load,docker,51,1779182948.783742,light,2.886,2.563,0.003,2.493,0.01,False
light_load,docker,52,1779182948.833664,light,3.011,2.642,0.005,2.563,0.012,False
light_load,docker,53,1779182948.8831162,light,2.716,2.478,0.003,2.424,0.014,False
light_load,docker,54,1779182948.9339244,light,2.921,2.593,0.003,2.516,0.017,False
light_load,docker,55,1779182948.9836,light,2.643,2.347,0.002,2.291,0.011,False
light_load,docker,56,1779182949.0339015,light,2.888,2.579,0.003,2.523,0.01,False
light_load,docker,57,1779182949.083945,light,2.888,2.578,0.003,2.519,0.01,False
light_load,docker,58,1779182949.1329677,light,2.81,2.59,0.003,2.537,0.011,False
light_load,docker,59,1779182949.1835005,light,3.163,2.916,0.003,2.856,0.011,False
light_load,docker,60,1779182949.2335181,light,2.863,2.557,0.003,2.503,0.01,False
light_load,docker,61,1779182949.2839515,light,3.232,2.898,0.004,2.832,0.01,False
light_load,docker,62,1779182949.3339624,light,3.61,3.352,0.006,3.265,0.013,False
light_load,docker,63,1779182949.3844151,light,2.899,2.629,0.004,2.557,0.017,False
light_load,docker,64,1779182949.4339025,light,2.874,2.526,0.004,2.454,0.018,False
light_load,docker,65,1779182949.4834228,light,2.967,2.751,0.003,2.696,0.01,False
light_load,docker,66,1779182949.5332592,light,2.804,2.5,0.003,2.445,0.01,False
light_load,docker,67,1779182949.5833278,light,2.973,2.739,0.003,2.685,0.014,False
light_load,docker,68,1779182949.6335576,light,3.337,3.12,0.004,3.066,0.009,False
light_load,docker,69,1779182949.6832726,light,3.04,2.881,0.002,2.843,0.006,False
light_load,docker,70,1779182949.7333148,light,3.138,2.929,0.003,2.879,0.007,False
light_load,docker,71,1779182949.784286,light,3.876,3.605,0.004,3.542,0.012,False
light_load,docker,72,1779182949.8345912,light,4.111,3.88,0.003,3.809,0.024,False
light_load,docker,73,1779182949.8829556,light,2.788,2.638,0.002,2.595,0.012,False
light_load,docker,74,1779182949.9330463,light,2.558,2.404,0.003,2.365,0.006,False
light_load,docker,75,1779182949.9830976,light,2.83,2.654,0.003,2.609,0.007,False
light_load,docker,76,1779182950.032727,light,2.433,2.323,0.002,2.296,0.006,False
light_load,docker,77,1779182950.083664,light,3.266,3.038,0.003,2.979,0.01,False
light_load,docker,78,1779182950.1339865,light,3.561,3.386,0.003,3.344,0.007,False
light_load,docker,79,1779182950.183101,light,2.955,2.804,0.003,2.759,0.005,False
medium_load,docker,0,1779182950.8744092,medium,41.955,41.796,0.002,41.75,0.011,False
medium_load,docker,1,1779182950.9410863,medium,41.419,41.008,0.005,40.9,0.017,False
medium_load,docker,2,1779182951.0070412,medium,40.88,40.566,0.003,40.49,0.02,False
medium_load,docker,3,1779182951.0730133,medium,39.665,39.368,0.003,39.311,0.012,False
medium_load,docker,4,1779182951.1405025,medium,40.535,40.231,0.003,40.17,0.012,False
medium_load,docker,5,1779182951.208709,medium,42.172,41.863,0.003,41.802,0.015,False
medium_load,docker,6,1779182951.2749157,medium,41.704,41.291,0.004,41.218,0.015,False
medium_load,docker,7,1779182951.3411934,medium,41.231,40.947,0.003,40.894,0.009,False
medium_load,docker,8,1779182951.4087489,medium,42.064,41.69,0.003,41.63,0.013,False
medium_load,docker,9,1779182951.4872332,medium,54.462,54.118,0.004,54.031,0.017,False
medium_load,docker,10,1779182951.5398772,medium,40.428,40.25,0.004,40.183,0.01,False
medium_load,docker,11,1779182951.6063006,medium,40.188,39.892,0.004,39.828,0.012,False
medium_load,docker,12,1779182951.6711428,medium,37.964,37.651,0.003,37.591,0.013,False
medium_load,docker,13,1779182951.7394514,medium,39.341,39.026,0.003,38.965,0.014,False
medium_load,docker,14,1779182951.8062825,medium,39.306,38.972,0.004,38.904,0.013,False
medium_load,docker,15,1779182951.87214,medium,38.263,38.021,0.004,37.964,0.011,False
medium_load,docker,16,1779182951.9398992,medium,40.657,40.409,0.003,40.351,0.016,False
medium_load,docker,17,1779182952.0150867,medium,48.739,48.417,0.01,48.319,0.026,False
medium_load,docker,18,1779182952.0750926,medium,42.177,41.892,0.003,41.822,0.019,False
medium_load,docker,19,1779182952.1369681,medium,37.515,37.29,0.003,37.238,0.014,False
medium_load,docker,20,1779182952.2044158,medium,38.381,38.069,0.003,38.007,0.018,False
medium_load,docker,21,1779182952.2686954,medium,35.481,35.163,0.004,35.095,0.012,False
medium_load,docker,22,1779182952.3372748,medium,37.033,36.704,0.003,36.64,0.01,False
medium_load,docker,23,1779182952.4010038,medium,34.475,34.127,0.004,34.06,0.012,False
medium_load,docker,24,1779182952.467125,medium,33.905,33.59,0.003,33.532,0.012,False
medium_load,docker,25,1779182952.536265,medium,36.153,35.722,0.004,35.616,0.014,False
medium_load,docker,26,1779182952.6006062,medium,34.448,34.181,0.003,34.127,0.011,False
medium_load,docker,27,1779182952.662547,medium,29.541,29.251,0.003,29.197,0.012,False
medium_load,docker,28,1779182952.7297425,medium,29.695,29.34,0.003,29.287,0.011,False
medium_load,docker,29,1779182952.7956636,medium,28.859,28.567,0.003,28.514,0.011,False
medium_load,docker,30,1779182952.8615813,medium,28.513,28.221,0.003,28.155,0.009,False
medium_load,docker,31,1779182952.933577,medium,33.679,33.288,0.004,33.212,0.02,False
medium_load,docker,32,1779182952.9949985,medium,28.801,28.572,0.003,28.508,0.016,False
medium_load,docker,33,1779182953.069112,medium,36.459,36.218,0.003,36.16,0.015,False
medium_load,docker,34,1779182953.1298537,medium,29.584,29.296,0.003,29.239,0.013,False
medium_load,docker,35,1779182953.1955605,medium,28.871,28.576,0.003,28.525,0.01,False
medium_load,docker,36,1779182953.262975,medium,29.379,28.948,0.055,28.819,0.011,False
medium_load,docker,37,1779182953.32794,medium,28.595,28.338,0.004,28.28,0.016,False
medium_load,docker,38,1779182953.3952885,medium,29.088,28.82,0.003,28.768,0.011,False
medium_load,docker,39,1779182953.461913,medium,28.678,28.383,0.003,28.331,0.011,False
medium_load,docker,40,1779182953.5295951,medium,29.544,29.248,0.003,29.195,0.011,False
medium_load,docker,41,1779182953.6033552,medium,37.261,37.036,0.007,36.976,0.008,False
medium_load,docker,42,1779182953.6624718,medium,29.2,28.89,0.003,28.831,0.013,False
medium_load,docker,43,1779182953.729352,medium,29.113,28.842,0.005,28.772,0.01,False
medium_load,docker,44,1779182953.7951794,medium,28.586,28.282,0.003,28.229,0.011,False
medium_load,docker,45,1779182953.8620594,medium,28.63,28.319,0.003,28.253,0.008,False
medium_load,docker,46,1779182953.9305649,medium,30.373,30.038,0.004,29.971,0.014,False
medium_load,docker,47,1779182953.9967537,medium,30.149,29.767,0.004,29.7,0.013,False
medium_load,docker,48,1779182954.0644014,medium,31.007,30.674,0.003,30.617,0.013,False
medium_load,docker,49,1779182954.1291249,medium,29.362,29.072,0.003,29.016,0.01,False
medium_load,docker,50,1779182954.1965594,medium,29.493,29.182,0.003,29.12,0.013,False
medium_load,docker,51,1779182954.2618427,medium,29.201,28.96,0.003,28.906,0.014,False
medium_load,docker,52,1779182954.330421,medium,30.188,29.84,0.003,29.759,0.014,False
medium_load,docker,53,1779182954.3963873,medium,29.696,29.367,0.004,29.305,0.011,False
medium_load,docker,54,1779182954.462184,medium,28.847,28.535,0.003,28.478,0.012,False
medium_load,docker,55,1779182954.5290394,medium,29.079,28.786,0.003,28.731,0.011,False
medium_load,docker,56,1779182954.5959313,medium,29.009,28.717,0.003,28.666,0.007,False
medium_load,docker,57,1779182954.6653259,medium,32.059,31.805,0.003,31.742,0.017,False
medium_load,docker,58,1779182954.730813,medium,30.808,30.499,0.003,30.441,0.012,False
medium_load,docker,59,1779182954.7961624,medium,29.469,29.155,0.003,29.097,0.012,False
medium_load,docker,60,1779182954.8617294,medium,28.261,28.023,0.004,27.964,0.007,False
medium_load,docker,61,1779182954.9283895,medium,28.856,28.634,0.003,28.583,0.012,False
medium_load,docker,62,1779182955.0011177,medium,34.796,34.487,0.003,34.423,0.015,False
medium_load,docker,63,1779182955.0625975,medium,29.23,28.889,0.003,28.832,0.014,False
medium_load,docker,64,1779182955.1290228,medium,29.165,28.852,0.003,28.793,0.011,False
medium_load,docker,65,1779182955.1975372,medium,31.224,30.993,0.008,30.928,0.013,False
medium_load,docker,66,1779182955.2628329,medium,29.382,29.066,0.003,29.01,0.011,False
medium_load,docker,67,1779182955.3286443,medium,28.651,28.377,0.002,28.33,0.011,False
medium_load,docker,68,1779182955.395613,medium,29.099,28.764,0.003,28.7,0.011,False
medium_load,docker,69,1779182955.461614,medium,28.601,28.338,0.004,28.273,0.013,False
medium_load,docker,70,1779182955.5284781,medium,28.846,28.588,0.005,28.528,0.01,False
medium_load,docker,71,1779182955.5943608,medium,28.503,28.263,0.003,28.213,0.009,False
medium_load,docker,72,1779182955.6629672,medium,29.77,29.432,0.004,29.363,0.014,False
medium_load,docker,73,1779182955.7290344,medium,29.682,29.431,0.003,29.373,0.013,False
medium_load,docker,74,1779182955.8018055,medium,35.373,34.934,0.003,34.878,0.012,False
medium_load,docker,75,1779182955.8622472,medium,28.679,28.405,0.003,28.356,0.007,False
medium_load,docker,76,1779182955.928751,medium,28.473,28.241,0.003,28.182,0.01,False
medium_load,docker,77,1779182955.9957256,medium,29.4,29.147,0.002,29.079,0.014,False
medium_load,docker,78,1779182956.0619514,medium,29.233,28.968,0.006,28.882,0.012,False
medium_load,docker,79,1779182956.1294599,medium,29.649,29.275,0.004,29.207,0.012,False
heavy_load,docker,0,1779182957.0050335,heavy,90.93,90.673,0.003,90.608,0.017,False
heavy_load,docker,1,1779182957.1256557,heavy,85.738,85.426,0.003,85.349,0.015,False
heavy_load,docker,2,1779182957.2505097,heavy,85.969,85.704,0.004,85.64,0.01,False
heavy_load,docker,3,1779182957.3762736,heavy,86.98,86.761,0.002,86.718,0.012,False
heavy_load,docker,4,1779182957.498709,heavy,83.288,83.051,0.002,82.995,0.008,False
heavy_load,docker,5,1779182957.6236627,heavy,84.221,84.062,0.008,84.013,0.005,False
heavy_load,docker,6,1779182957.7491326,heavy,84.544,84.25,0.003,84.184,0.014,False
heavy_load,docker,7,1779182957.8746893,heavy,85.473,85.152,0.003,85.091,0.02,False
heavy_load,docker,8,1779182957.9979446,heavy,83.771,83.553,0.004,83.492,0.01,False
heavy_load,docker,9,1779182958.1242356,heavy,84.58,84.336,0.003,84.277,0.012,False
heavy_load,docker,10,1779182958.24805,heavy,83.501,83.22,0.002,83.16,0.01,False
heavy_load,docker,11,1779182958.379819,heavy,90.565,90.336,0.008,90.267,0.015,False
heavy_load,docker,12,1779182958.5040524,heavy,89.434,89.171,0.003,89.102,0.011,False
heavy_load,docker,13,1779182958.6244473,heavy,85.063,84.781,0.004,84.717,0.012,False
heavy_load,docker,14,1779182958.7494054,heavy,84.579,84.249,0.004,84.171,0.01,False
heavy_load,docker,15,1779182958.8772528,heavy,87.235,86.883,0.003,86.819,0.014,False
heavy_load,docker,16,1779182959.0012348,heavy,85.773,85.491,0.003,85.44,0.01,False
heavy_load,docker,17,1779182959.125319,heavy,85.04,84.694,0.003,84.631,0.014,False
heavy_load,docker,18,1779182959.2576087,heavy,93.252,93.026,0.006,92.966,0.012,False
heavy_load,docker,19,1779182959.3763366,heavy,86.092,85.794,0.002,85.741,0.013,False
heavy_load,docker,20,1779182959.4999797,heavy,85.445,85.209,0.003,85.138,0.012,False
heavy_load,docker,21,1779182959.6230032,heavy,83.174,82.896,0.003,82.842,0.01,False
heavy_load,docker,22,1779182959.749045,heavy,84.12,83.773,0.004,83.702,0.012,False
heavy_load,docker,23,1779182959.873889,heavy,83.761,83.455,0.003,83.399,0.01,False
heavy_load,docker,24,1779182960.0028632,heavy,88.246,87.99,0.007,87.923,0.013,False
heavy_load,docker,25,1779182960.1238394,heavy,83.986,83.614,0.004,83.545,0.012,False
heavy_load,docker,26,1779182960.2554631,heavy,90.453,90.11,0.003,90.047,0.016,False
heavy_load,docker,27,1779182960.3744109,heavy,84.438,84.135,0.003,84.079,0.011,False
heavy_load,docker,28,1779182960.5026944,heavy,88.276,88.011,0.037,87.91,0.018,False
heavy_load,docker,29,1779182960.6243272,heavy,84.602,84.287,0.004,84.223,0.01,False
heavy_load,docker,30,1779182960.7493134,heavy,84.379,84.044,0.002,83.992,0.012,False
heavy_load,docker,31,1779182960.8774846,heavy,88.223,87.984,0.003,87.92,0.014,False
heavy_load,docker,32,1779182960.999033,heavy,84.585,84.32,0.003,84.262,0.01,False
heavy_load,docker,33,1779182961.1252887,heavy,85.846,85.577,0.003,85.516,0.016,False
heavy_load,docker,34,1779182961.2501547,heavy,85.03,84.774,0.003,84.719,0.011,False
heavy_load,docker,35,1779182961.3750894,heavy,85.008,84.709,0.003,84.649,0.013,False
heavy_load,docker,36,1779182961.4997926,heavy,84.589,84.241,0.003,84.173,0.018,False
heavy_load,docker,37,1779182961.623103,heavy,83.351,83.06,0.003,83.004,0.011,False
heavy_load,docker,38,1779182961.7496638,heavy,85.057,84.644,0.003,84.587,0.013,False
heavy_load,docker,39,1779182961.8754017,heavy,85.5,85.259,0.003,85.202,0.012,False
cold_warm_probe,serverless,0,1779182962.5148344,light,80.35,2.328,0.003,2.28,0.009,True
cold_warm_probe,serverless,1,1779182963.4389896,light,3.148,2.829,0.004,2.754,0.008,False
cold_warm_probe,serverless,2,1779182964.4389846,light,3.579,3.281,0.003,3.222,0.011,False
cold_warm_probe,serverless,3,1779182967.015871,light,68.751,2.551,0.005,2.507,0.008,True
cold_warm_probe,serverless,4,1779182967.0189166,light,2.98,2.697,0.002,2.665,0.006,False
cold_warm_probe,serverless,5,1779182967.4381623,light,2.865,2.563,0.003,2.502,0.015,False
cold_warm_probe,serverless,6,1779182970.0202935,light,72.951,3.369,0.004,3.303,0.013,True
cold_warm_probe,serverless,7,1779182970.0235314,light,3.183,3.028,0.002,2.984,0.012,False
cold_warm_probe,serverless,8,1779182970.4379466,light,2.732,2.408,0.003,2.34,0.01,False
cold_warm_probe,serverless,9,1779182973.0171988,light,69.768,2.483,0.002,2.434,0.008,True
cold_warm_probe,serverless,10,1779182973.020365,light,3.09,2.873,0.002,2.838,0.005,False
cold_warm_probe,serverless,11,1779182973.4375594,light,2.877,2.673,0.003,2.613,0.011,False
cold_warm_probe,serverless,12,1779182976.0166693,light,71.38,2.526,0.002,2.472,0.008,True
cold_warm_probe,serverless,13,1779182976.0194461,light,2.712,2.497,0.002,2.465,0.005,False
cold_warm_probe,serverless,14,1779182976.4381397,light,2.89,2.581,0.003,2.515,0.015,False
light_load,serverless,0,1779182977.0699265,light,79.454,2.538,0.002,2.499,0.01,True
light_load,serverless,1,1779182977.0728679,light,2.878,2.712,0.001,2.691,0.004,False
light_load,serverless,2,1779182977.0932522,light,2.616,2.394,0.003,2.337,0.013,False
light_load,serverless,3,1779182977.1431117,light,2.524,2.322,0.003,2.269,0.014,False
light_load,serverless,4,1779182977.1942573,light,2.703,2.388,0.003,2.335,0.01,False
light_load,serverless,5,1779182977.2439241,light,2.783,2.484,0.003,2.433,0.008,False
light_load,serverless,6,1779182977.2938511,light,2.822,2.577,0.003,2.522,0.011,False
light_load,serverless,7,1779182977.3443637,light,2.885,2.576,0.003,2.519,0.01,False
light_load,serverless,8,1779182977.3945796,light,3.323,2.93,0.004,2.862,0.01,False
light_load,serverless,9,1779182977.443671,light,2.983,2.679,0.004,2.613,0.014,False
light_load,serverless,10,1779182977.494832,light,3.227,2.932,0.004,2.849,0.007,False
light_load,serverless,11,1779182977.544765,light,3.261,2.968,0.004,2.902,0.01,False
light_load,serverless,12,1779182977.5946074,light,3.266,2.934,0.004,2.867,0.01,False
light_load,serverless,13,1779182977.6444378,light,3.401,3.071,0.004,3.003,0.013,False
light_load,serverless,14,1779182977.6944623,light,2.8,2.504,0.003,2.45,0.011,False
light_load,serverless,15,1779182977.7439668,light,2.983,2.703,0.004,2.644,0.008,False
light_load,serverless,16,1779182977.794,light,2.702,2.405,0.003,2.331,0.01,False
light_load,serverless,17,1779182977.843713,light,2.775,2.571,0.003,2.518,0.011,False
light_load,serverless,18,1779182977.8938346,light,2.783,2.553,0.003,2.501,0.01,False
light_load,serverless,19,1779182977.9443772,light,3.513,3.262,0.003,3.174,0.012,False
light_load,serverless,20,1779182977.9943528,light,2.865,2.573,0.003,2.519,0.009,False
light_load,serverless,21,1779182978.0439072,light,2.803,2.512,0.003,2.453,0.016,False
light_load,serverless,22,1779182978.0947711,light,3.254,2.94,0.004,2.875,0.01,False
light_load,serverless,23,1779182978.144163,light,2.661,2.381,0.003,2.328,0.01,False
light_load,serverless,24,1779182978.1941998,light,2.791,2.5,0.003,2.446,0.011,False
light_load,serverless,25,1779182978.244357,light,3.117,2.77,0.003,2.696,0.013,False
light_load,serverless,26,1779182978.2950468,light,3.209,2.886,0.007,2.8,0.012,False
light_load,serverless,27,1779182978.345111,light,3.915,2.416,0.003,2.36,0.01,False
light_load,serverless,28,1779182978.3935046,light,2.7,2.469,0.003,2.416,0.01,False
light_load,serverless,29,1779182978.4436343,light,2.898,2.694,0.003,2.633,0.011,False
light_load,serverless,30,1779182978.4941113,light,2.988,2.554,0.003,2.499,0.01,False
light_load,serverless,31,1779182978.5438712,light,2.779,2.497,0.003,2.441,0.013,False
light_load,serverless,32,1779182978.5944595,light,2.855,2.563,0.003,2.502,0.015,False
light_load,serverless,33,1779182978.6438575,light,2.719,2.421,0.003,2.365,0.01,False
light_load,serverless,34,1779182978.6940603,light,2.676,2.38,0.003,2.324,0.011,False
light_load,serverless,35,1779182978.744208,light,2.683,2.384,0.003,2.32,0.01,False
light_load,serverless,36,1779182978.7938735,light,2.685,2.388,0.003,2.332,0.01,False
light_load,serverless,37,1779182978.844453,light,2.977,2.681,0.003,2.625,0.012,False
light_load,serverless,38,1779182978.8947566,light,2.898,2.645,0.004,2.579,0.012,False
light_load,serverless,39,1779182978.9437804,light,3.144,2.821,0.005,2.755,0.012,False
light_load,serverless,40,1779182978.994508,light,3.603,3.379,0.003,3.318,0.012,False
light_load,serverless,41,1779182979.044352,light,2.964,2.571,0.003,2.511,0.014,False
light_load,serverless,42,1779182979.0941582,light,2.805,2.516,0.003,2.457,0.014,False
light_load,serverless,43,1779182979.1446478,light,3.234,2.917,0.004,2.85,0.012,False
light_load,serverless,44,1779182979.1940126,light,2.839,2.551,0.003,2.497,0.01,False
light_load,serverless,45,1779182979.24401,light,2.834,2.546,0.003,2.491,0.01,False
light_load,serverless,46,1779182979.2940307,light,2.93,2.506,0.003,2.45,0.01,False
light_load,serverless,47,1779182979.3438988,light,2.671,2.376,0.003,2.321,0.01,False
light_load,serverless,48,1779182979.395369,light,3.755,3.434,0.004,3.364,0.012,False
light_load,serverless,49,1779182979.4444044,light,3.244,2.92,0.003,2.848,0.011,False
light_load,serverless,50,1779182979.4941657,light,2.889,2.649,0.004,2.587,0.012,False
light_load,serverless,51,1779182979.544428,light,3.466,3.253,0.004,3.181,0.016,False
light_load,serverless,52,1779182979.594525,light,3.319,2.934,0.004,2.868,0.01,False
light_load,serverless,53,1779182979.6434965,light,2.682,2.337,0.002,2.269,0.014,False
light_load,serverless,54,1779182979.6946466,light,3.318,2.99,0.003,2.929,0.014,False
light_load,serverless,55,1779182979.744564,light,2.816,2.57,0.004,2.508,0.012,False
light_load,serverless,56,1779182979.794078,light,2.757,2.464,0.003,2.406,0.011,False
light_load,serverless,57,1779182979.8433442,light,2.712,2.457,0.004,2.392,0.012,False
light_load,serverless,58,1779182979.894476,light,3.632,3.361,0.003,3.274,0.015,False
light_load,serverless,59,1779182979.94387,light,2.782,2.494,0.003,2.441,0.01,False
light_load,serverless,60,1779182979.9940996,light,2.658,2.362,0.003,2.307,0.012,False
light_load,serverless,61,1779182980.044234,light,2.804,2.508,0.003,2.454,0.01,False
light_load,serverless,62,1779182980.0946226,light,3.271,2.905,0.004,2.832,0.016,False
light_load,serverless,63,1779182980.1437764,light,2.865,2.637,0.003,2.587,0.011,False
light_load,serverless,64,1779182980.194243,light,2.816,2.516,0.003,2.453,0.016,False
light_load,serverless,65,1779182980.2441778,light,2.81,2.511,0.003,2.457,0.01,False
light_load,serverless,66,1779182980.2945457,light,3.254,2.894,0.004,2.823,0.01,False
light_load,serverless,67,1779182980.3444617,light,3.219,2.902,0.004,2.837,0.01,False
light_load,serverless,68,1779182980.3942912,light,2.87,2.563,0.003,2.506,0.01,False
light_load,serverless,69,1779182980.444407,light,2.889,2.598,0.003,2.543,0.01,False
light_load,serverless,70,1779182980.4946804,light,3.093,2.741,0.003,2.664,0.014,False
light_load,serverless,71,1779182980.5443394,light,2.961,2.657,0.003,2.599,0.011,False
light_load,serverless,72,1779182980.5956602,light,3.808,3.496,0.004,3.388,0.014,False
light_load,serverless,73,1779182980.6444085,light,3.204,2.908,0.002,2.849,0.015,False
light_load,serverless,74,1779182980.693846,light,3.16,2.845,0.004,2.774,0.016,False
light_load,serverless,75,1779182980.7446015,light,3.236,2.923,0.004,2.854,0.014,False
light_load,serverless,76,1779182980.7946947,light,3.276,2.937,0.003,2.875,0.016,False
light_load,serverless,77,1779182980.844493,light,3.233,2.915,0.004,2.852,0.01,False
light_load,serverless,78,1779182980.8942208,light,3.238,2.957,0.004,2.88,0.014,False
light_load,serverless,79,1779182980.9445417,light,3.512,3.123,0.004,3.058,0.011,False
medium_load,serverless,0,1779182981.6269228,medium,110.602,35.928,0.005,35.844,0.011,True
medium_load,serverless,1,1779182981.6619678,medium,35.011,34.869,0.003,34.806,0.011,False
medium_load,serverless,2,1779182981.6996377,medium,37.642,37.495,0.003,37.448,0.01,False
medium_load,serverless,3,1779182981.7509778,medium,33.509,33.145,0.004,33.067,0.014,False
medium_load,serverless,4,1779182981.8158457,medium,31.668,31.393,0.003,31.337,0.012,False
medium_load,serverless,5,1779182981.882074,medium,31.507,31.235,0.003,31.174,0.011,False
medium_load,serverless,6,1779182981.9461977,medium,29.523,29.264,0.004,29.196,0.014,False
medium_load,serverless,7,1779182982.0130277,medium,29.788,29.523,0.003,29.451,0.017,False
medium_load,serverless,8,1779182982.0802026,medium,29.572,29.31,0.002,29.258,0.011,False
medium_load,serverless,9,1779182982.1473296,medium,30.054,29.75,0.003,29.692,0.011,False
medium_load,serverless,10,1779182982.2226293,medium,39.115,38.885,0.007,38.808,0.012,False
medium_load,serverless,11,1779182982.2811458,medium,30.412,30.064,0.003,30.014,0.009,False
medium_load,serverless,12,1779182982.346588,medium,29.19,28.833,0.003,28.769,0.02,False
medium_load,serverless,13,1779182982.414149,medium,29.793,29.414,0.003,29.357,0.013,False
medium_load,serverless,14,1779182982.4794455,medium,28.867,28.546,0.003,28.486,0.013,False
medium_load,serverless,15,1779182982.546761,medium,29.625,29.358,0.003,29.301,0.009,False
medium_load,serverless,16,1779182982.6123896,medium,28.654,28.353,0.003,28.298,0.011,False
medium_load,serverless,17,1779182982.6794024,medium,28.829,28.528,0.003,28.472,0.011,False
medium_load,serverless,18,1779182982.7481651,medium,31.328,31.097,0.007,31.025,0.013,False
medium_load,serverless,19,1779182982.813798,medium,29.518,29.272,0.004,29.208,0.014,False
medium_load,serverless,20,1779182982.8786402,medium,28.54,28.262,0.004,28.201,0.011,False
medium_load,serverless,21,1779182982.9459226,medium,29.037,28.758,0.004,28.695,0.013,False
medium_load,serverless,22,1779182983.014581,medium,30.665,30.315,0.003,30.248,0.019,False
medium_load,serverless,23,1779182983.0793185,medium,28.847,28.545,0.003,28.486,0.011,False
medium_load,serverless,24,1779182983.1464472,medium,29.086,28.782,0.003,28.727,0.011,False
medium_load,serverless,25,1779182983.2125845,medium,28.427,28.168,0.004,28.096,0.011,False
medium_load,serverless,26,1779182983.2826374,medium,32.71,32.503,0.003,32.432,0.01,False
medium_load,serverless,27,1779182983.3463488,medium,29.025,28.72,0.003,28.663,0.012,False
medium_load,serverless,28,1779182983.4166882,medium,32.572,32.184,0.003,32.122,0.014,False
medium_load,serverless,29,1779182983.479153,medium,28.57,28.301,0.003,28.248,0.01,False
medium_load,serverless,30,1779182983.546447,medium,29.122,28.812,0.004,28.751,0.008,False
medium_load,serverless,31,1779182983.6121926,medium,28.191,27.927,0.004,27.867,0.011,False
medium_load,serverless,32,1779182983.6785047,medium,28.277,28.008,0.003,27.954,0.01,False
medium_load,serverless,33,1779182983.7476263,medium,30.309,30.03,0.002,29.974,0.012,False
medium_load,serverless,34,1779182983.8123522,medium,28.859,28.622,0.003,28.565,0.013,False
medium_load,serverless,35,1779182983.8791971,medium,28.617,28.306,0.003,28.239,0.011,False
medium_load,serverless,36,1779182983.9476264,medium,30.978,30.617,0.004,30.542,0.022,False
medium_load,serverless,37,1779182984.021215,medium,37.748,36.874,0.003,36.757,0.058,False
medium_load,serverless,38,1779182984.078597,medium,28.597,28.366,0.003,28.316,0.009,False
medium_load,serverless,39,1779182984.1452434,medium,28.248,27.948,0.003,27.894,0.011,False
medium_load,serverless,40,1779182984.2124443,medium,28.844,28.468,0.004,28.4,0.013,False
medium_load,serverless,41,1779182984.278583,medium,28.628,28.356,0.004,28.299,0.007,False
medium_load,serverless,42,1779182984.3455517,medium,28.355,28.066,0.004,27.995,0.011,False
medium_load,serverless,43,1779182984.4136164,medium,29.901,29.626,0.004,29.557,0.015,False
medium_load,serverless,44,1779182984.4809594,medium,30.135,29.752,0.003,29.69,0.015,False
medium_load,serverless,45,1779182984.5452635,medium,28.265,27.961,0.003,27.907,0.01,False
medium_load,serverless,46,1779182984.6135347,medium,29.55,29.231,0.003,29.171,0.014,False
medium_load,serverless,47,1779182984.6792018,medium,28.397,28.107,0.003,28.05,0.011,False
medium_load,serverless,48,1779182984.7457545,medium,28.733,28.438,0.003,28.382,0.011,False
medium_load,serverless,49,1779182984.814568,medium,30.535,30.233,0.002,30.171,0.014,False
medium_load,serverless,50,1779182984.8782735,medium,27.974,27.69,0.002,27.629,0.011,False
medium_load,serverless,51,1779182984.9455414,medium,29.08,28.775,0.004,28.71,0.011,False
medium_load,serverless,52,1779182985.0123632,medium,28.55,28.277,0.003,28.219,0.012,False
medium_load,serverless,53,1779182985.0787337,medium,28.165,27.867,0.004,27.806,0.011,False
medium_load,serverless,54,1779182985.145965,medium,28.759,28.404,0.004,28.335,0.011,False
medium_load,serverless,55,1779182985.214324,medium,30.438,30.103,0.004,30.035,0.013,False
medium_load,serverless,56,1779182985.2783055,medium,28.295,28.025,0.004,27.965,0.01,False
medium_load,serverless,57,1779182985.3456318,medium,28.963,28.687,0.003,28.636,0.013,False
medium_load,serverless,58,1779182985.420129,medium,36.864,36.581,0.003,36.496,0.018,False
medium_load,serverless,59,1779182985.4787722,medium,28.09,27.834,0.002,27.783,0.011,False
medium_load,serverless,60,1779182985.5467331,medium,29.667,29.367,0.003,29.313,0.01,False
medium_load,serverless,61,1779182985.6123574,medium,28.709,28.392,0.004,28.329,0.011,False
medium_load,serverless,62,1779182985.679313,medium,28.615,28.322,0.003,28.266,0.011,False
medium_load,serverless,63,1779182985.7462378,medium,29.038,28.722,0.003,28.655,0.011,False
medium_load,serverless,64,1779182985.812685,medium,28.687,28.448,0.003,28.384,0.013,False
medium_load,serverless,65,1779182985.8804018,medium,30.337,29.995,0.004,29.92,0.017,False
medium_load,serverless,66,1779182985.9461293,medium,29.323,29.059,0.003,29.001,0.013,False
medium_load,serverless,67,1779182986.0131357,medium,29.392,29.063,0.003,28.997,0.013,False
medium_load,serverless,68,1779182986.081439,medium,30.68,30.37,0.003,30.312,0.012,False
medium_load,serverless,69,1779182986.1454165,medium,28.379,28.087,0.003,28.031,0.01,False
medium_load,serverless,70,1779182986.2124782,medium,28.892,28.608,0.007,28.52,0.014,False
medium_load,serverless,71,1779182986.2801166,medium,29.703,29.399,0.003,29.34,0.014,False
medium_load,serverless,72,1779182986.3461227,medium,28.589,28.291,0.003,28.234,0.013,False
medium_load,serverless,73,1779182986.411547,medium,28.459,28.215,0.003,28.158,0.011,False
medium_load,serverless,74,1779182986.4790654,medium,28.948,28.694,0.003,28.645,0.013,False
medium_load,serverless,75,1779182986.5457454,medium,29.049,28.747,0.004,28.685,0.008,False
medium_load,serverless,76,1779182986.6117787,medium,28.237,27.969,0.003,27.898,0.012,False
medium_load,serverless,77,1779182986.679206,medium,28.658,28.358,0.003,28.302,0.011,False
medium_load,serverless,78,1779182986.7462687,medium,29.215,28.841,0.004,28.771,0.012,False
medium_load,serverless,79,1779182986.8133883,medium,29.255,28.917,0.004,28.831,0.018,False
heavy_load,serverless,0,1779182987.6948702,heavy,149.955,82.774,0.001,82.742,0.01,True
heavy_load,serverless,1,1779182987.7789512,heavy,84.052,83.886,0.003,83.836,0.005,False
heavy_load,serverless,2,1779182987.880915,heavy,85.389,85.111,0.002,85.059,0.012,False
heavy_load,serverless,3,1779182988.0171459,heavy,96.972,96.639,0.004,96.56,0.021,False
heavy_load,serverless,4,1779182988.1400456,heavy,94.967,94.675,0.003,94.613,0.016,False
heavy_load,serverless,5,1779182988.2546108,heavy,83.993,83.68,0.003,83.615,0.01,False
heavy_load,serverless,6,1779182988.3855038,heavy,89.742,89.379,0.003,89.31,0.02,False
heavy_load,serverless,7,1779182988.5054705,heavy,84.883,84.567,0.003,84.506,0.012,False
heavy_load,serverless,8,1779182988.6302707,heavy,85.019,84.796,0.004,84.735,0.016,False
heavy_load,serverless,9,1779182988.7614236,heavy,91.042,90.849,0.007,90.79,0.006,False
heavy_load,serverless,10,1779182988.8902636,heavy,95.059,94.764,0.003,94.702,0.016,False
heavy_load,serverless,11,1779182989.0123901,heavy,91.561,91.253,0.003,91.187,0.013,False
heavy_load,serverless,12,1779182989.1362588,heavy,90.717,90.318,0.004,90.24,0.016,False
heavy_load,serverless,13,1779182989.2662723,heavy,95.9,95.677,0.006,95.62,0.011,False
heavy_load,serverless,14,1779182989.386348,heavy,91.225,90.873,0.003,90.815,0.014,False
heavy_load,serverless,15,1779182989.5089982,heavy,87.852,87.532,0.003,87.464,0.013,False
heavy_load,serverless,16,1779182989.6472468,heavy,102.138,101.837,0.003,101.782,0.012,False
heavy_load,serverless,17,1779182989.7667854,heavy,96.409,96.127,0.004,96.057,0.014,False
heavy_load,serverless,18,1779182989.8830214,heavy,87.018,86.697,0.003,86.637,0.013,False
heavy_load,serverless,19,1779182990.0055203,heavy,84.76,84.455,0.003,84.397,0.016,False
heavy_load,serverless,20,1779182990.1323373,heavy,86.239,85.881,0.003,85.814,0.016,False
heavy_load,serverless,21,1779182990.254955,heavy,84.142,83.85,0.003,83.791,0.015,False
heavy_load,serverless,22,1779182990.3806672,heavy,84.401,84.079,0.005,83.981,0.009,False
heavy_load,serverless,23,1779182990.5070693,heavy,86.015,85.718,0.003,85.662,0.012,False
heavy_load,serverless,24,1779182990.630556,heavy,84.921,84.603,0.003,84.545,0.01,False
heavy_load,serverless,25,1779182990.7598042,heavy,89.63,89.359,0.008,89.285,0.015,False
heavy_load,serverless,26,1779182990.8821235,heavy,86.35,86.026,0.003,85.967,0.01,False
heavy_load,serverless,27,1779182991.0135357,heavy,92.987,92.662,0.004,92.593,0.014,False
heavy_load,serverless,28,1779182991.1289716,heavy,83.585,83.316,0.003,83.264,0.008,False
heavy_load,serverless,29,1779182991.2753081,heavy,104.84,104.582,0.002,104.523,0.025,False
heavy_load,serverless,30,1779182991.3826659,heavy,87.544,87.322,0.005,87.249,0.01,False
heavy_load,serverless,31,1779182991.5091503,heavy,88.211,87.869,0.003,87.805,0.015,False
heavy_load,serverless,32,1779182991.629138,heavy,83.234,82.96,0.002,82.906,0.008,False
heavy_load,serverless,33,1779182991.7550647,heavy,84.889,84.608,0.003,84.551,0.014,False
heavy_load,serverless,34,1779182991.8797922,heavy,83.528,83.193,0.003,83.121,0.011,False
heavy_load,serverless,35,1779182992.0066652,heavy,85.65,85.375,0.003,85.318,0.013,False
heavy_load,serverless,36,1779182992.1293573,heavy,83.891,83.687,0.009,83.615,0.008,False
heavy_load,serverless,37,1779182992.255072,heavy,84.115,83.77,0.003,83.702,0.02,False
heavy_load,serverless,38,1779182992.3807654,heavy,85.237,84.864,0.004,84.792,0.013,False
heavy_load,serverless,39,1779182992.5079503,heavy,87.03,86.569,0.003,86.505,0.015,False
