scenario,arch,ts,pid,cpu_percent,rss_mb
cold_warm_probe,docker,1779182931.590003,7448,0.0,15.19
cold_warm_probe,docker,1779182931.8414464,7448,0.0,15.21
cold_warm_probe,docker,1779182932.0924997,7448,0.0,15.21
cold_warm_probe,docker,1779182932.3436866,7448,0.0,15.21
cold_warm_probe,docker,1779182932.5940611,7448,0.0,15.21
cold_warm_probe,docker,1779182932.8448207,7448,0.0,15.21
cold_warm_probe,docker,1779182933.0954504,7448,0.0,15.21
cold_warm_probe,docker,1779182933.3456717,7448,0.0,15.21
cold_warm_probe,docker,1779182933.5961788,7448,0.0,15.21
cold_warm_probe,docker,1779182933.8471663,7448,0.0,15.21
cold_warm_probe,docker,1779182934.0974433,7448,0.0,15.21
cold_warm_probe,docker,1779182934.3480742,7448,0.0,15.21
cold_warm_probe,docker,1779182934.599395,7448,0.0,15.21
cold_warm_probe,docker,1779182934.8499563,7448,0.0,15.21
cold_warm_probe,docker,1779182935.1002975,7448,0.0,15.21
cold_warm_probe,docker,1779182935.351387,7448,0.0,15.21
cold_warm_probe,docker,1779182935.6025295,7448,0.0,15.21
cold_warm_probe,docker,1779182935.8533165,7448,0.0,15.21
cold_warm_probe,docker,1779182936.1037855,7448,0.0,15.21
cold_warm_probe,docker,1779182936.35505,7448,0.0,15.21
cold_warm_probe,docker,1779182936.6053286,7448,0.0,15.21
cold_warm_probe,docker,1779182936.8565288,7448,0.0,15.21
cold_warm_probe,docker,1779182937.10759,7448,0.0,15.21
cold_warm_probe,docker,1779182937.3581505,7448,0.0,15.21
cold_warm_probe,docker,1779182937.6091335,7448,0.0,15.21
cold_warm_probe,docker,1779182937.859591,7448,0.0,15.21
cold_warm_probe,docker,1779182938.1104457,7448,0.0,15.21
cold_warm_probe,docker,1779182938.3616447,7448,0.0,15.21
cold_warm_probe,docker,1779182938.6130521,7448,0.0,15.21
cold_warm_probe,docker,1779182938.8640318,7448,0.0,15.21
cold_warm_probe,docker,1779182939.1149786,7448,0.0,15.21
cold_warm_probe,docker,1779182939.3661425,7448,0.0,15.21
cold_warm_probe,docker,1779182939.6171556,7448,0.0,15.21
cold_warm_probe,docker,1779182939.8674898,7448,0.0,15.21
cold_warm_probe,docker,1779182940.1187098,7448,0.0,15.21
cold_warm_probe,docker,1779182940.3690796,7448,0.0,15.21
cold_warm_probe,docker,1779182940.619776,7448,0.0,15.21
cold_warm_probe,docker,1779182940.8710513,7448,0.0,15.21
cold_warm_probe,docker,1779182941.122323,7448,0.0,15.21
cold_warm_probe,docker,1779182941.3728201,7448,0.0,15.21
cold_warm_probe,docker,1779182941.6233366,7448,0.0,15.21
cold_warm_probe,docker,1779182941.873682,7448,0.0,15.21
cold_warm_probe,docker,1779182942.1246815,7448,0.0,15.21
cold_warm_probe,docker,1779182942.3758504,7448,0.0,15.21
cold_warm_probe,docker,1779182942.6264162,7448,0.0,15.21
cold_warm_probe,docker,1779182942.8776047,7448,0.0,15.21
cold_warm_probe,docker,1779182943.1290047,7448,0.0,15.21
cold_warm_probe,docker,1779182943.380277,7448,0.0,15.21
cold_warm_probe,docker,1779182943.6312075,7448,0.0,15.21
cold_warm_probe,docker,1779182943.881782,7448,0.0,15.21
cold_warm_probe,docker,1779182944.1328602,7448,0.0,15.21
cold_warm_probe,docker,1779182944.3832517,7448,0.0,15.21
cold_warm_probe,docker,1779182944.6341784,7448,0.0,15.21
cold_warm_probe,docker,1779182944.885713,7448,0.0,15.21
cold_warm_probe,docker,1779182945.1369524,7448,0.0,15.21
cold_warm_probe,docker,1779182945.387787,7448,0.0,15.21
light_load,docker,1779182946.229821,10520,0.0,14.36
light_load,docker,1779182946.480755,10520,6.2,14.39
light_load,docker,1779182946.7313817,10520,6.2,14.39
light_load,docker,1779182946.981774,10520,0.0,14.4
light_load,docker,1779182947.2323055,10520,6.2,14.4
light_load,docker,1779182947.4828587,10520,0.0,14.4
light_load,docker,1779182947.7330904,10520,6.2,14.4
light_load,docker,1779182947.9837413,10520,6.2,14.4
light_load,docker,1779182948.2345798,10520,12.5,14.4
light_load,docker,1779182948.485597,10520,6.2,14.4
light_load,docker,1779182948.7365232,10520,6.2,14.4
light_load,docker,1779182948.987522,10520,6.2,14.4
light_load,docker,1779182949.238819,10520,0.0,14.4
light_load,docker,1779182949.4894743,10520,6.2,14.4
light_load,docker,1779182949.7400718,10520,6.2,14.4
light_load,docker,1779182949.9904315,10520,6.2,14.4
medium_load,docker,1779182950.8323736,14184,0.0,14.39
medium_load,docker,1779182951.0836213,14184,62.2,14.62
medium_load,docker,1779182951.333961,14184,56.2,14.62
medium_load,docker,1779182951.5845976,14184,68.6,14.62
medium_load,docker,1779182951.83504,14184,56.1,14.8
medium_load,docker,1779182952.0858037,14184,74.8,14.81
medium_load,docker,1779182952.3364348,14184,62.3,14.79
medium_load,docker,1779182952.5867374,14184,49.9,14.96
medium_load,docker,1779182952.837176,14184,37.4,15.0
medium_load,docker,1779182953.0880938,14184,43.6,14.97
medium_load,docker,1779182953.3385253,14184,49.9,14.96
medium_load,docker,1779182953.5891013,14184,37.4,14.94
medium_load,docker,1779182953.839534,14184,37.4,14.94
medium_load,docker,1779182954.0903223,14184,43.6,14.97
medium_load,docker,1779182954.3413224,14184,49.8,14.95
medium_load,docker,1779182954.5919018,14184,49.9,14.96
medium_load,docker,1779182954.8423412,14184,43.7,14.95
medium_load,docker,1779182955.092906,14184,43.7,14.94
medium_load,docker,1779182955.3441718,14184,49.8,14.95
medium_load,docker,1779182955.5947018,14184,49.9,14.94
medium_load,docker,1779182955.8451424,14184,37.4,14.8
medium_load,docker,1779182956.0958838,14184,37.4,14.81
heavy_load,docker,1779182956.9140275,26604,0.0,14.38
heavy_load,docker,1779182957.164935,26604,74.8,14.57
heavy_load,docker,1779182957.4153306,26604,74.9,14.57
heavy_load,docker,1779182957.6656623,26604,74.9,14.57
heavy_load,docker,1779182957.9163008,26604,74.8,14.57
heavy_load,docker,1779182958.1670587,26604,74.8,14.57
heavy_load,docker,1779182958.4178395,26604,74.8,14.57
heavy_load,docker,1779182958.668424,26604,74.8,14.57
heavy_load,docker,1779182958.91909,26604,74.8,14.57
heavy_load,docker,1779182959.1695867,26604,81.1,14.57
heavy_load,docker,1779182959.41992,26604,74.9,14.57
heavy_load,docker,1779182959.6703324,26604,68.6,14.57
heavy_load,docker,1779182959.9207258,26604,74.9,14.57
heavy_load,docker,1779182960.171142,26604,74.9,14.57
heavy_load,docker,1779182960.4217308,26604,74.8,14.57
heavy_load,docker,1779182960.6720243,26604,74.9,14.57
heavy_load,docker,1779182960.922384,26604,68.7,14.57
heavy_load,docker,1779182961.172746,26604,74.9,14.57
heavy_load,docker,1779182961.4231894,26604,74.9,14.57
heavy_load,docker,1779182961.6737275,26604,74.8,14.57
cold_warm_probe,serverless,1779182962.4343913,-1,0.0,0.0
cold_warm_probe,serverless,1779182962.6852374,35872,0.0,14.53
cold_warm_probe,serverless,1779182962.9364388,35872,0.0,14.53
cold_warm_probe,serverless,1779182963.1876338,35872,0.0,14.53
cold_warm_probe,serverless,1779182963.438026,35872,0.0,14.53
cold_warm_probe,serverless,1779182963.6883745,35872,0.0,14.53
cold_warm_probe,serverless,1779182963.9397256,35872,0.0,14.53
cold_warm_probe,serverless,1779182964.1901946,35872,0.0,14.53
cold_warm_probe,serverless,1779182964.440876,35872,0.0,14.53
cold_warm_probe,serverless,1779182964.691447,35872,0.0,14.53
cold_warm_probe,serverless,1779182964.9425745,35872,0.0,14.53
cold_warm_probe,serverless,1779182965.1933866,35872,0.0,14.53
cold_warm_probe,serverless,1779182965.443844,35872,0.0,14.53
cold_warm_probe,serverless,1779182965.694466,35872,0.0,14.53
cold_warm_probe,serverless,1779182965.945174,35872,0.0,14.53
cold_warm_probe,serverless,1779182966.1960554,35872,0.0,14.53
cold_warm_probe,serverless,1779182966.446869,35872,0.0,14.53
cold_warm_probe,serverless,1779182966.6980882,35872,0.0,14.53
cold_warm_probe,serverless,1779182966.9482276,-1,0.0,0.0
cold_warm_probe,serverless,1779182967.1995044,33024,0.0,14.56
cold_warm_probe,serverless,1779182967.4507618,33024,0.0,14.56
cold_warm_probe,serverless,1779182967.701237,33024,0.0,14.56
cold_warm_probe,serverless,1779182967.9519944,33024,0.0,14.56
cold_warm_probe,serverless,1779182968.20296,33024,0.0,14.56
cold_warm_probe,serverless,1779182968.4533663,33024,0.0,14.56
cold_warm_probe,serverless,1779182968.704345,33024,0.0,14.56
cold_warm_probe,serverless,1779182968.954694,33024,0.0,14.56
cold_warm_probe,serverless,1779182969.2050598,33024,0.0,14.56
cold_warm_probe,serverless,1779182969.4555995,33024,0.0,14.56
cold_warm_probe,serverless,1779182969.706891,33024,0.0,14.56
cold_warm_probe,serverless,1779182969.957201,-1,0.0,0.0
cold_warm_probe,serverless,1779182970.2080388,30528,0.0,14.42
cold_warm_probe,serverless,1779182970.4590912,30528,0.0,14.42
cold_warm_probe,serverless,1779182970.710039,30528,0.0,14.42
cold_warm_probe,serverless,1779182970.9608629,30528,0.0,14.42
cold_warm_probe,serverless,1779182971.212067,30528,0.0,14.42
cold_warm_probe,serverless,1779182971.463598,30528,0.0,14.42
cold_warm_probe,serverless,1779182971.7147963,30528,0.0,14.42
cold_warm_probe,serverless,1779182971.9653323,30528,0.0,14.42
cold_warm_probe,serverless,1779182972.216065,30528,0.0,14.42
cold_warm_probe,serverless,1779182972.4664266,30528,0.0,14.42
cold_warm_probe,serverless,1779182972.7167537,30528,0.0,14.42
cold_warm_probe,serverless,1779182972.9671106,-1,0.0,0.0
cold_warm_probe,serverless,1779182973.2183325,28732,0.0,14.41
cold_warm_probe,serverless,1779182973.4691305,28732,0.0,14.41
cold_warm_probe,serverless,1779182973.7198288,28732,0.0,14.41
cold_warm_probe,serverless,1779182973.9710474,28732,0.0,14.41
cold_warm_probe,serverless,1779182974.2222953,28732,0.0,14.41
cold_warm_probe,serverless,1779182974.4735577,28732,0.0,14.41
cold_warm_probe,serverless,1779182974.7240136,28732,0.0,14.41
cold_warm_probe,serverless,1779182974.9745083,28732,0.0,14.41
cold_warm_probe,serverless,1779182975.2253437,28732,0.0,14.41
cold_warm_probe,serverless,1779182975.4767282,28732,0.0,14.41
cold_warm_probe,serverless,1779182975.7277257,28732,0.0,14.41
cold_warm_probe,serverless,1779182975.9779298,-1,0.0,0.0
cold_warm_probe,serverless,1779182976.228915,34012,0.0,14.53
light_load,serverless,1779182976.9903736,-1,0.0,0.0
light_load,serverless,1779182977.2414129,28916,0.0,14.4
light_load,serverless,1779182977.492222,28916,6.2,14.4
light_load,serverless,1779182977.7427053,28916,6.2,14.41
light_load,serverless,1779182977.9930055,28916,6.2,14.41
light_load,serverless,1779182978.244248,28916,6.2,14.41
light_load,serverless,1779182978.494592,28916,6.2,14.41
light_load,serverless,1779182978.7460933,28916,6.2,14.41
light_load,serverless,1779182978.9965575,28916,6.2,14.41
light_load,serverless,1779182979.2479227,28916,6.2,14.41
light_load,serverless,1779182979.499104,28916,6.2,14.41
light_load,serverless,1779182979.75055,28916,6.2,14.41
light_load,serverless,1779182980.0015502,28916,6.2,14.41
light_load,serverless,1779182980.2527924,28916,6.2,14.41
light_load,serverless,1779182980.5038772,28916,6.2,14.41
light_load,serverless,1779182980.754893,28916,6.2,14.41
medium_load,serverless,1779182981.516217,-1,0.0,0.0
medium_load,serverless,1779182981.767321,33176,0.0,14.63
medium_load,serverless,1779182982.0185938,33176,49.7,14.63
medium_load,serverless,1779182982.2692153,33176,43.6,14.68
medium_load,serverless,1779182982.5198362,33176,37.4,14.83
medium_load,serverless,1779182982.7708902,33176,49.8,15.02
medium_load,serverless,1779182983.0213294,33176,49.9,15.02
medium_load,serverless,1779182983.2721267,33176,37.4,15.02
medium_load,serverless,1779182983.5226905,33176,37.4,14.9
medium_load,serverless,1779182983.773556,33176,49.8,14.97
medium_load,serverless,1779182984.024128,33176,49.9,14.97
medium_load,serverless,1779182984.2753987,33176,37.3,14.99
medium_load,serverless,1779182984.525877,33176,43.7,15.02
medium_load,serverless,1779182984.7772233,33176,43.5,15.02
medium_load,serverless,1779182985.0283687,33176,49.8,15.02
medium_load,serverless,1779182985.2788763,33176,43.7,15.02
medium_load,serverless,1779182985.5293107,33176,43.7,15.02
medium_load,serverless,1779182985.780566,33176,43.5,15.02
medium_load,serverless,1779182986.0319145,33176,49.7,15.02
medium_load,serverless,1779182986.2824354,33176,43.7,15.02
medium_load,serverless,1779182986.532852,33176,37.4,15.02
medium_load,serverless,1779182986.7846792,33176,43.4,15.02
heavy_load,serverless,1779182987.5448222,-1,0.0,0.0
heavy_load,serverless,1779182987.795807,16436,0.0,14.72
heavy_load,serverless,1779182988.0461469,16436,68.7,14.72
heavy_load,serverless,1779182988.296803,16436,68.6,14.73
heavy_load,serverless,1779182988.547333,16436,62.4,14.73
heavy_load,serverless,1779182988.7978554,16436,62.4,14.73
heavy_load,serverless,1779182989.0481887,16436,74.9,14.73
heavy_load,serverless,1779182989.2986379,16436,68.6,14.73
heavy_load,serverless,1779182989.549208,16436,62.3,14.73
heavy_load,serverless,1779182989.7995403,16436,74.9,14.73
heavy_load,serverless,1779182990.0502203,16436,62.3,14.73
heavy_load,serverless,1779182990.3006132,16436,62.4,14.73
heavy_load,serverless,1779182990.551141,16436,62.4,14.73
heavy_load,serverless,1779182990.801502,16436,62.4,14.73
heavy_load,serverless,1779182991.0519083,16436,68.6,14.73
heavy_load,serverless,1779182991.3021321,16436,62.4,14.73
heavy_load,serverless,1779182991.5525346,16436,62.4,14.73
heavy_load,serverless,1779182991.8029854,16436,62.4,14.73
heavy_load,serverless,1779182992.0533695,16436,56.2,14.73
heavy_load,serverless,1779182992.3036067,16436,62.4,14.73
